model name,accuracy,precision,recall,f1,auc,confusion_matrix
XGB_tuned_selected_customeThresh,0.8735,0.7181102362204724,0.8603773584905661,0.7828326180257511,0.9454588627903993,"[[1291  179]
 [  74  456]]"
XGBoost,0.8705,0.7168,0.8452830188679246,0.7757575757575758,0.9454588627903993,"[[1293  177]
 [  82  448]]"
Random Forest,0.8755,0.7728155339805826,0.7509433962264151,0.7617224880382775,0.9424066230265692,"[[1353  117]
 [ 132  398]]"
Logistic Regression,0.8685,0.762278978388998,0.7320754716981132,0.7468719923002888,0.9341342574765756,"[[1349  121]
 [ 142  388]]"
